<?xml version="1.0" encoding="UTF-8"?>
<beans xmlns="http://www.springframework.org/schema/beans"
       xmlns:xsi="http://www.w3.org/2001/XMLSchema-instance"
       xmlns:aop="http://www.springframework.org/schema/aop"
       xsi:schemaLocation=
               "http://www.springframework.org/schema/aop
http://www.springframework.org/schema/aop/spring-aop.xsd
http://www.springframework.org/schema/beans
http://www.springframework.org/schema/beans/spring-beans.xsd"><bean id="trackCounter" class="soundsystem.TrackCounter" />
    <bean id="cd" class="soundsystem.BlankDisc">
        <property name="title" value="Sgt. Pepper's Lonely Hearts Club Band" />
        <property name="artist" value="The Beatles" />
        <property name="tracks">
            <list>
                <value>Sgt. Pepper's Lonely Hearts Club Band</value>
                <value>With a Little Help from My Friends</value>
                <value>Lucy in the Sky with Diamonds</value>
                <value>Getting Better</value>
                <value>Fixing a Hole</value>
            </list>
        </property>
    </bean>
    <aop:config>
        <aop:aspect ref="trackCounter">
            <aop:pointcut id="trackPlayed" expression= "execution(* soundsystem.CompactDisc.playTrack(int)) and args(trackNumber)" />
            <aop:before pointcut-ref="trackPlayed" method="countTrack"/>
        </aop:aspect>
    </aop:config>
</beans>